{"cameraMode":{"drawMode":0,"name":"Shaded","section":"Shading Mode"},"sceneLighting":true,"audioPlay":false,"sceneViewState":{"m_AlwaysRefresh":false,"showFog":true,"showSkybox":true,"showFlares":true,"showImageEffects":true,"showParticleSystems":true,"showVisualEffectGraphs":true,"m_FxEnabled":true},"in2DMode":false,"pivot":{"x":2.4442310333251955,"y":-1.6221504211425782,"z":1.2342734336853028},"rotation":{"x":-0.2912954092025757,"y":-0.038147833198308948,"z":0.011697717010974884,"w":-0.95585036277771},"size":5.086968898773193,"orthographic":false}