{"cameraMode":{"drawMode":0,"name":"Shaded","section":"Shading Mode"},"sceneLighting":true,"audioPlay":false,"sceneViewState":{"m_AlwaysRefresh":false,"showFog":true,"showSkybox":true,"showFlares":true,"showImageEffects":true,"showParticleSystems":true,"showVisualEffectGraphs":true,"m_FxEnabled":true},"in2DMode":false,"pivot":{"x":0.41953685879707339,"y":1.3415418863296509,"z":90.47470092773438},"rotation":{"x":-0.008690332993865013,"y":0.004495296627283096,"z":0.000037745227018604055,"w":0.9999552369117737},"size":5.664201259613037,"orthographic":false}