{"cameraMode":{"drawMode":0,"name":"Shaded","section":"Shading Mode"},"sceneLighting":true,"audioPlay":false,"sceneViewState":{"m_AlwaysRefresh":false,"showFog":true,"showSkybox":true,"showFlares":true,"showImageEffects":true,"showParticleSystems":true,"showVisualEffectGraphs":true,"m_FxEnabled":true},"in2DMode":false,"pivot":{"x":0.15196716785430909,"y":-0.8951003551483154,"z":89.93168640136719},"rotation":{"x":0.04076481983065605,"y":-0.04045999422669411,"z":0.0016512719448655844,"w":0.9983531832695007},"size":12.162073135375977,"orthographic":false}