{"cameraMode":{"drawMode":0,"name":"Shaded","section":"Shading Mode"},"sceneLighting":true,"audioPlay":false,"sceneViewState":{"m_AlwaysRefresh":false,"showFog":true,"showSkybox":true,"showFlares":true,"showImageEffects":true,"showParticleSystems":true,"showVisualEffectGraphs":true,"m_FxEnabled":true},"in2DMode":false,"pivot":{"x":-0.022125273942947389,"y":2.219147205352783,"z":-0.14500999450683595},"rotation":{"x":0.29867488145828249,"y":-0.008595773950219155,"z":0.0026799854822456838,"w":0.954334557056427},"size":6.6440205574035648,"orthographic":false}