{"cameraMode":{"drawMode":0,"name":"Shaded","section":"Shading Mode"},"sceneLighting":true,"audioPlay":false,"sceneViewState":{"m_AlwaysRefresh":false,"showFog":true,"showSkybox":true,"showFlares":true,"showImageEffects":true,"showParticleSystems":true,"showVisualEffectGraphs":true,"m_FxEnabled":true},"in2DMode":false,"pivot":{"x":2.492699146270752,"y":1.0808281898498536,"z":-2.6367509365081789},"rotation":{"x":0.49992161989212038,"y":0.028556061908602716,"z":-0.016521397978067399,"w":0.8654674887657166},"size":5.377329349517822,"orthographic":false}