{"cameraMode":{"drawMode":0,"name":"Shaded","section":"Shading Mode"},"sceneLighting":true,"audioPlay":false,"sceneViewState":{"m_AlwaysRefresh":false,"showFog":true,"showSkybox":true,"showFlares":true,"showImageEffects":true,"showParticleSystems":true,"showVisualEffectGraphs":true,"m_FxEnabled":true},"in2DMode":false,"pivot":{"x":1.5908480882644654,"y":0.6442723274230957,"z":-0.23291921615600587},"rotation":{"x":0.3299832344055176,"y":0.012735788710415364,"z":-0.004465234465897083,"w":0.9439123868942261},"size":3.2571823596954347,"orthographic":false}