{"cameraMode":{"drawMode":0,"name":"Shaded","section":"Shading Mode"},"sceneLighting":true,"audioPlay":false,"sceneViewState":{"m_AlwaysRefresh":false,"showFog":true,"showSkybox":true,"showFlares":true,"showImageEffects":true,"showParticleSystems":true,"showVisualEffectGraphs":true,"m_FxEnabled":true},"in2DMode":false,"pivot":{"x":-2.125565528869629,"y":1.4788990020751954,"z":0.5064702033996582},"rotation":{"x":-0.39831599593162539,"y":-0.024180885404348375,"z":0.01062111184000969,"w":-0.9169265031814575},"size":3.287487745285034,"orthographic":false}