{"cameraMode":{"drawMode":0,"name":"Shaded","section":"Shading Mode"},"sceneLighting":true,"audioPlay":false,"sceneViewState":{"m_AlwaysRefresh":false,"showFog":true,"showSkybox":true,"showFlares":true,"showImageEffects":true,"showParticleSystems":true,"showVisualEffectGraphs":true,"m_FxEnabled":true},"in2DMode":false,"pivot":{"x":0.36343398690223696,"y":-1.398452877998352,"z":-10.075422286987305},"rotation":{"x":0.04079828038811684,"y":0.0014942673733457924,"z":-0.00006340262916637585,"w":0.9991763830184937},"size":12.12435531616211,"orthographic":false}