{"cameraMode":{"drawMode":0,"name":"Shaded","section":"Shading Mode"},"sceneLighting":false,"audioPlay":false,"sceneViewState":{"m_AlwaysRefresh":false,"showFog":true,"showSkybox":false,"showFlares":true,"showImageEffects":true,"showParticleSystems":true,"showVisualEffectGraphs":true,"m_FxEnabled":true},"in2DMode":false,"pivot":{"x":274.5538024902344,"y":647.706787109375,"z":167.7349853515625},"rotation":{"x":-0.022792069241404535,"y":-0.02981233038008213,"z":0.0009435374522581697,"w":-0.9993882179260254},"size":743.5760498046875,"orthographic":false}