{"cameraMode":{"drawMode":0,"name":"Shaded","section":"Shading Mode"},"sceneLighting":false,"audioPlay":false,"sceneViewState":{"m_AlwaysRefresh":false,"showFog":true,"showSkybox":false,"showFlares":true,"showImageEffects":true,"showParticleSystems":true,"showVisualEffectGraphs":true,"m_FxEnabled":true},"in2DMode":false,"pivot":{"x":249.6774444580078,"y":681.86279296875,"z":178.097900390625},"rotation":{"x":-0.057284269481897357,"y":0.0016847704537212849,"z":0.0001674347004154697,"w":-0.9984498023986816},"size":339.9246826171875,"orthographic":false}