{"cameraMode":{"drawMode":0,"name":"Shaded","section":"Shading Mode"},"sceneLighting":true,"audioPlay":false,"sceneViewState":{"m_AlwaysRefresh":false,"showFog":true,"showSkybox":false,"showFlares":true,"showImageEffects":true,"showParticleSystems":true,"showVisualEffectGraphs":true,"m_FxEnabled":true},"in2DMode":false,"pivot":{"x":1008.6965942382813,"y":710.3763427734375,"z":-39.7725830078125},"rotation":{"x":-0.036301929503679278,"y":-0.0073012360371649269,"z":0.0003489460505079478,"w":-0.9993859529495239},"size":841.329345703125,"orthographic":false}