{"cameraMode":{"drawMode":0,"name":"Shaded","section":"Shading Mode"},"sceneLighting":true,"audioPlay":false,"sceneViewState":{"m_AlwaysRefresh":false,"showFog":true,"showSkybox":false,"showFlares":true,"showImageEffects":true,"showParticleSystems":true,"showVisualEffectGraphs":true,"m_FxEnabled":true},"in2DMode":false,"pivot":{"x":-17.591217041015626,"y":5.086513519287109,"z":-19.014698028564454},"rotation":{"x":-0.0012929287040606142,"y":0.9224948883056641,"z":-0.38602215051651,"w":-0.003069555154070258},"size":15.500895500183106,"orthographic":false}