{"cameraMode":{"drawMode":0,"name":"Shaded","section":"Shading Mode"},"sceneLighting":true,"audioPlay":false,"sceneViewState":{"m_AlwaysRefresh":false,"showFog":true,"showSkybox":false,"showFlares":true,"showImageEffects":true,"showParticleSystems":true,"showVisualEffectGraphs":true,"m_FxEnabled":true},"in2DMode":false,"pivot":{"x":-0.25315165519714358,"y":0.10295787453651428,"z":90.01061248779297},"rotation":{"x":0.024287596344947816,"y":0.03076767735183239,"z":-0.001131041208282113,"w":0.999363124370575},"size":1.0201449394226075,"orthographic":false}