{"cameraMode":{"drawMode":0,"name":"Shaded","section":"Shading Mode"},"sceneLighting":true,"audioPlay":false,"sceneViewState":{"m_AlwaysRefresh":false,"showFog":true,"showSkybox":false,"showFlares":true,"showImageEffects":true,"showParticleSystems":true,"showVisualEffectGraphs":true,"m_FxEnabled":true},"in2DMode":false,"pivot":{"x":2.0410895347595217,"y":0.4577298164367676,"z":1.2396416664123536},"rotation":{"x":-0.3073335289955139,"y":-0.42151108384132388,"z":0.1549491137266159,"w":-0.8391610980033875},"size":3.7330121994018556,"orthographic":false}