{"cameraMode":{"drawMode":0,"name":"Shaded","section":"Shading Mode"},"sceneLighting":true,"audioPlay":false,"sceneViewState":{"m_AlwaysRefresh":false,"showFog":true,"showSkybox":false,"showFlares":true,"showImageEffects":true,"showParticleSystems":true,"showVisualEffectGraphs":true,"m_FxEnabled":true},"in2DMode":false,"pivot":{"x":-0.22234970331192017,"y":0.3470277786254883,"z":1.3589563369750977},"rotation":{"x":-0.4323068857192993,"y":-0.030912982299923898,"z":0.014865339733660221,"w":-0.9011209011077881},"size":5.966026306152344,"orthographic":false}