{"cameraMode":{"drawMode":0,"name":"Shaded","section":"Shading Mode"},"sceneLighting":true,"audioPlay":false,"sceneViewState":{"m_AlwaysRefresh":false,"showFog":true,"showSkybox":false,"showFlares":true,"showImageEffects":true,"showParticleSystems":true,"showVisualEffectGraphs":true,"m_FxEnabled":true},"in2DMode":false,"pivot":{"x":1.6347485780715943,"y":2.334186315536499,"z":0.6948966979980469},"rotation":{"x":0.14666076004505158,"y":0.04043132811784744,"z":-0.006041326094418764,"w":0.9883762001991272},"size":3.4850659370422365,"orthographic":false}