{"cameraMode":{"drawMode":0,"name":"Shaded","section":"Shading Mode"},"sceneLighting":true,"audioPlay":false,"sceneViewState":{"m_AlwaysRefresh":false,"showFog":true,"showSkybox":false,"showFlares":true,"showImageEffects":true,"showParticleSystems":true,"showVisualEffectGraphs":true,"m_FxEnabled":true},"in2DMode":false,"pivot":{"x":1.6662163734436036,"y":-3.2916412353515627,"z":4.525575637817383},"rotation":{"x":-0.4736602008342743,"y":-0.07360459119081497,"z":0.03988347202539444,"w":-0.8767961859703064},"size":10.460000991821289,"orthographic":false}