{"cameraMode":{"drawMode":0,"name":"Shaded","section":"Shading Mode"},"sceneLighting":true,"audioPlay":false,"sceneViewState":{"m_AlwaysRefresh":false,"showFog":true,"showSkybox":false,"showFlares":true,"showImageEffects":true,"showParticleSystems":true,"showVisualEffectGraphs":true,"m_FxEnabled":true},"in2DMode":false,"pivot":{"x":-0.4693230092525482,"y":3.3544087409973146,"z":-2.6634602546691896},"rotation":{"x":-0.5599586367607117,"y":0.007684110198169947,"z":-0.00504068611189723,"w":-0.8285666704177856},"size":4.161840915679932,"orthographic":false}