{"cameraMode":{"drawMode":0,"name":"Shaded","section":"Shading Mode"},"sceneLighting":true,"audioPlay":false,"sceneViewState":{"m_AlwaysRefresh":false,"showFog":true,"showSkybox":false,"showFlares":true,"showImageEffects":true,"showParticleSystems":true,"showVisualEffectGraphs":true,"m_FxEnabled":true},"in2DMode":false,"pivot":{"x":0.8606166243553162,"y":-0.8705077171325684,"z":1.5017445087432862},"rotation":{"x":-0.397085577249527,"y":-0.005265050567686558,"z":0.0024931393563747408,"w":-0.9178605079650879},"size":5.467649459838867,"orthographic":false}