{"cameraMode":{"drawMode":0,"name":"Shaded","section":"Shading Mode"},"sceneLighting":true,"audioPlay":false,"sceneViewState":{"m_AlwaysRefresh":false,"showFog":true,"showSkybox":false,"showFlares":true,"showImageEffects":true,"showParticleSystems":true,"showVisualEffectGraphs":true,"m_FxEnabled":true},"in2DMode":false,"pivot":{"x":1.9743424654006959,"y":2.294809341430664,"z":8.650959968566895},"rotation":{"x":0.005896593444049358,"y":-0.12465506047010422,"z":0.001294461777433753,"w":-0.9924215078353882},"size":6.091578006744385,"orthographic":false}