{"cameraMode":{"drawMode":0,"name":"Shaded","section":"Shading Mode"},"sceneLighting":true,"audioPlay":false,"sceneViewState":{"m_AlwaysRefresh":false,"showFog":true,"showSkybox":false,"showFlares":true,"showImageEffects":true,"showParticleSystems":true,"showVisualEffectGraphs":true,"m_FxEnabled":true},"in2DMode":false,"pivot":{"x":1735.4410400390625,"y":732.8244018554688,"z":11.562652587890625},"rotation":{"x":-0.18199509382247926,"y":-0.05580844357609749,"z":0.010537832044064999,"w":-0.9817478656768799},"size":197.6261444091797,"orthographic":false}