{"cameraMode":{"drawMode":0,"name":"Shaded","section":"Shading Mode"},"sceneLighting":true,"audioPlay":false,"sceneViewState":{"m_AlwaysRefresh":false,"showFog":true,"showSkybox":false,"showFlares":true,"showImageEffects":true,"showParticleSystems":true,"showVisualEffectGraphs":true,"m_FxEnabled":true},"in2DMode":false,"pivot":{"x":0.952349066734314,"y":11.935379028320313,"z":-35.680259704589847},"rotation":{"x":-0.47232532501220705,"y":-0.034175291657447818,"z":0.0183830875903368,"w":-0.8806138038635254},"size":27.165855407714845,"orthographic":false}