{"cameraMode":{"drawMode":0,"name":"Shaded","section":"Shading Mode"},"sceneLighting":true,"audioPlay":false,"sceneViewState":{"m_AlwaysRefresh":false,"showFog":true,"showSkybox":false,"showFlares":true,"showImageEffects":true,"showParticleSystems":true,"showVisualEffectGraphs":true,"m_FxEnabled":true},"in2DMode":false,"pivot":{"x":0.9076241254806519,"y":1.0737872123718262,"z":0.1597169041633606},"rotation":{"x":-0.03757864981889725,"y":-0.8964244723320007,"z":0.08203905075788498,"w":-0.4345545172691345},"size":0.5263279676437378,"orthographic":false}