{"cameraMode":{"drawMode":0,"name":"Shaded","section":"Shading Mode"},"sceneLighting":true,"audioPlay":false,"sceneViewState":{"m_AlwaysRefresh":false,"showFog":true,"showSkybox":false,"showFlares":true,"showImageEffects":true,"showParticleSystems":true,"showVisualEffectGraphs":true,"m_FxEnabled":true},"in2DMode":false,"pivot":{"x":1.5176658630371094,"y":4.318417549133301,"z":-10.682952880859375},"rotation":{"x":-0.04327822104096413,"y":-0.6543074250221252,"z":0.03752890229225159,"w":-0.7540836930274963},"size":10.560118675231934,"orthographic":false}