{"cameraMode":{"drawMode":0,"name":"Shaded","section":"Shading Mode"},"sceneLighting":true,"audioPlay":false,"sceneViewState":{"m_AlwaysRefresh":false,"showFog":true,"showSkybox":false,"showFlares":true,"showImageEffects":true,"showParticleSystems":true,"showVisualEffectGraphs":true,"m_FxEnabled":true},"in2DMode":false,"pivot":{"x":-0.28009000420570376,"y":1.220024585723877,"z":-0.22532129287719727},"rotation":{"x":-0.4936826229095459,"y":-0.008927090093493462,"z":0.005156615283340216,"w":-0.8696643710136414},"size":3.148988962173462,"orthographic":false}