{"cameraMode":{"drawMode":0,"name":"Shaded","section":"Shading Mode"},"sceneLighting":false,"audioPlay":false,"sceneViewState":{"m_AlwaysRefresh":false,"showFog":true,"showSkybox":false,"showFlares":true,"showImageEffects":true,"showParticleSystems":true,"showVisualEffectGraphs":true,"m_FxEnabled":true},"in2DMode":false,"pivot":{"x":1.0263159275054932,"y":0.06935310363769531,"z":0.17830848693847657},"rotation":{"x":-0.3282444179058075,"y":0.045548755675554278,"z":-0.015658531337976457,"w":-0.9434577226638794},"size":11.194905281066895,"orthographic":false}