{"cameraMode":{"drawMode":0,"name":"Shaded","section":"Shading Mode"},"sceneLighting":false,"audioPlay":false,"sceneViewState":{"m_AlwaysRefresh":false,"showFog":true,"showSkybox":false,"showFlares":true,"showImageEffects":true,"showParticleSystems":true,"showVisualEffectGraphs":true,"m_FxEnabled":true},"in2DMode":false,"pivot":{"x":0.3320631980895996,"y":1.767212152481079,"z":1.2347140312194825},"rotation":{"x":-0.2814787030220032,"y":0.00022216519573703408,"z":0.00012080188025720417,"w":-0.9596595764160156},"size":3.1754515171051027,"orthographic":false}