{"cameraMode":{"drawMode":0,"name":"Shaded","section":"Shading Mode"},"sceneLighting":false,"audioPlay":false,"sceneViewState":{"m_AlwaysRefresh":false,"showFog":true,"showSkybox":false,"showFlares":true,"showImageEffects":true,"showParticleSystems":true,"showVisualEffectGraphs":true,"m_FxEnabled":true},"in2DMode":false,"pivot":{"x":0.07298421859741211,"y":1.3201024532318116,"z":-0.26735758781433108},"rotation":{"x":-0.1483391523361206,"y":-0.7995483875274658,"z":0.22032226622104646,"w":-0.5388368368148804},"size":1.5797960758209229,"orthographic":false}