{"cameraMode":{"drawMode":0,"name":"Shaded","section":"Shading Mode"},"sceneLighting":false,"audioPlay":false,"sceneViewState":{"m_AlwaysRefresh":false,"showFog":true,"showSkybox":false,"showFlares":true,"showImageEffects":true,"showParticleSystems":true,"showVisualEffectGraphs":true,"m_FxEnabled":true},"in2DMode":false,"pivot":{"x":2.384185791015625e-7,"y":1.566811442375183,"z":0.02040916681289673},"rotation":{"x":-0.05865231901407242,"y":-0.06266479194164276,"z":0.003875556867569685,"w":-0.9963907599449158},"size":1.9747074842453004,"orthographic":false}