{"cameraMode":{"drawMode":0,"name":"Shaded","section":"Shading Mode"},"sceneLighting":false,"audioPlay":false,"sceneViewState":{"m_AlwaysRefresh":false,"showFog":true,"showSkybox":false,"showFlares":true,"showImageEffects":true,"showParticleSystems":true,"showVisualEffectGraphs":true,"m_FxEnabled":true},"in2DMode":false,"pivot":{"x":0.9742112159729004,"y":0.14469361305236817,"z":0.0026966333389282228},"rotation":{"x":0.17533080279827119,"y":0.5978331565856934,"z":-0.13609421253204347,"w":0.7703102231025696},"size":2.2901813983917238,"orthographic":false}