{"cameraMode":{"drawMode":0,"name":"Shaded","section":"Shading Mode"},"sceneLighting":false,"audioPlay":false,"sceneViewState":{"m_AlwaysRefresh":false,"showFog":true,"showSkybox":false,"showFlares":true,"showImageEffects":true,"showParticleSystems":true,"showVisualEffectGraphs":true,"m_FxEnabled":true},"in2DMode":false,"pivot":{"x":0.5111727714538574,"y":0.33409881591796877,"z":-0.37533140182495119},"rotation":{"x":-0.33259546756744387,"y":-0.6330028176307678,"z":0.3469199538230896,"w":-0.606975257396698},"size":2.9660253524780275,"orthographic":false}