{"cameraMode":{"drawMode":0,"name":"Shaded","section":"Shading Mode"},"sceneLighting":false,"audioPlay":false,"sceneViewState":{"m_AlwaysRefresh":false,"showFog":true,"showSkybox":false,"showFlares":true,"showImageEffects":true,"showParticleSystems":true,"showVisualEffectGraphs":true,"m_FxEnabled":true},"in2DMode":false,"pivot":{"x":-0.010715126991271973,"y":0.05617260932922363,"z":-0.4868498146533966},"rotation":{"x":-0.3590056598186493,"y":-0.6292229890823364,"z":0.4049570560455322,"w":-0.5579321384429932},"size":2.066025495529175,"orthographic":false}