{"cameraMode":{"drawMode":0,"name":"Shaded","section":"Shading Mode"},"sceneLighting":false,"audioPlay":false,"sceneViewState":{"m_AlwaysRefresh":false,"showFog":false,"showSkybox":false,"showFlares":false,"showImageEffects":false,"showParticleSystems":false,"showVisualEffectGraphs":true,"m_FxEnabled":true},"in2DMode":false,"pivot":{"x":0.07442992925643921,"y":0.9399212598800659,"z":0.195451021194458},"rotation":{"x":-0.09376811981201172,"y":-0.12235205620527268,"z":0.013286090455949307,"w":-0.9881908893585205},"size":0.6073950529098511,"orthographic":false}