{"cameraMode":{"drawMode":0,"name":"Shaded","section":"Shading Mode"},"sceneLighting":false,"audioPlay":false,"sceneViewState":{"m_AlwaysRefresh":false,"showFog":true,"showSkybox":false,"showFlares":true,"showImageEffects":true,"showParticleSystems":true,"showVisualEffectGraphs":true,"m_FxEnabled":true},"in2DMode":false,"pivot":{"x":0.2172011137008667,"y":-0.06655478477478028,"z":0.21618127822875977},"rotation":{"x":0.2513546645641327,"y":-0.17249566316604615,"z":0.04557409882545471,"w":0.9513205289840698},"size":2.2395784854888918,"orthographic":false}