{"cameraMode":{"drawMode":0,"name":"Shaded","section":"Shading Mode"},"sceneLighting":false,"audioPlay":false,"sceneViewState":{"m_AlwaysRefresh":false,"showFog":true,"showSkybox":false,"showFlares":true,"showImageEffects":true,"showParticleSystems":true,"showVisualEffectGraphs":true,"m_FxEnabled":true},"in2DMode":false,"pivot":{"x":0.6635738611221314,"y":1.345937728881836,"z":-0.020779132843017579},"rotation":{"x":-0.5231605172157288,"y":-0.02657659910619259,"z":0.016569634899497033,"w":-0.8517622351646423},"size":5.609351634979248,"orthographic":false}